id,initials,first_name,last_name,email,Gender,mobile
1,Mr,Michael,Perez,mperez0@chronoengine.com,M,9845032129
2,Ms,Shawn,Mccoy,smccoy1@reddit.com,F,9845002554
3,Mr,Kathleen,Payne,kpayne2@cargocollective.com,U,9845098898
4,Ms,Jimmy,Cooper,jcooper3@cargocollective.com,M,9845061269
5,Mr,Katherine,Rice,krice4@typepad.com,F,9845035329
6,Ms,Sarah,Ryan,sryan5@gnu.org,U,9845089168
7,Mr,Martin,Mcdonald,mmcdonald6@opera.com,M,9845030823
8,Ms,Frank,Robinson,frobinson7@wunderground.com,F,9845056887
9,Mr,Jennifer,Franklin,jfranklin8@mail.ru,U,9845099487
10,Ms,Henry,Welch,hwelch9@list-manage.com,M,9845013957
11,Mr,Fred,Snyder,fsnydera@reddit.com,F,9845073716
12,Ms,Amy,Dunn,adunnb@nba.com,U,9845069277
13,Mr,Kathleen,Meyer,kmeyerc@cdc.gov,M,9845011549
14,Ms,Steve,Ferguson,sfergusond@reverbnation.com,F,9845086898
15,Mr,Teresa,Hill,thille@dion.ne.jp,U,9845009885
16,Ms,Amanda,Harper,aharperf@mail.ru,M,9845080599
17,Mr,Kimberly,Ray,krayg@xing.com,F,9845036070
18,Ms,Johnny,Knight,jknighth@jalbum.net,U,9845097008
19,Mr,Virginia,Freeman,vfreemani@tiny.cc,M,9845033034
20,Ms,Anna,Austin,aaustinj@diigo.com,F,9845072404
21,Mr,Willie,Hill,whillk@mail.ru,U,9845028706
22,Ms,Sean,Harris,sharrisl@zdnet.com,M,9845000474
23,Mr,Mildred,Adams,madamsm@usatoday.com,F,9845044825
24,Ms,David,Graham,dgrahamn@zimbio.com,U,9845082710
25,Mr,Victor,Hunter,vhuntero@ehow.com,M,9845079809
26,Ms,Aaron,Ruiz,aruizp@weebly.com,F,9845058082
27,Mr,Benjamin,Brooks,bbrooksq@jalbum.net,U,9845056552
28,Ms,Lisa,Wilson,lwilsonr@japanpost.jp,M,9845040248
29,Mr,Benjamin,King,bkings@comsenz.com,F,9845020849
30,Ms,Christina,Williamson,cwilliamsont@boston.com,U,9845077810
31,Mr,Jane,Gonzalez,jgonzalezu@networksolutions.com,M,9845036734
32,Ms,Thomas,Owens,towensv@psu.edu,F,9845002670
33,Mr,Katherine,Moore,kmoorew@naver.com,U,9845009012
34,Ms,Jennifer,Stewart,jstewartx@yahoo.com,M,9845032976
35,Mr,Sara,Tucker,stuckery@topsy.com,F,9845023308
36,Ms,Harold,Ortiz,hortizz@vkontakte.ru,U,9845047899
37,Mr,Shirley,James,sjames10@yelp.com,M,9845003375
38,Ms,Dennis,Johnson,djohnson11@slate.com,F,9845081524
39,Mr,Louise,Weaver,lweaver12@china.com.cn,U,9845062549
40,Ms,Maria,Armstrong,marmstrong13@prweb.com,M,9845080753
41,Mr,Gloria,Cruz,gcruz14@odnoklassniki.ru,F,9845059899
42,Ms,Diana,Spencer,dspencer15@ifeng.com,U,9845007820
43,Mr,Kelly,Nguyen,knguyen16@altervista.org,M,9845045913
44,Ms,Jane,Rodriguez,jrodriguez17@biblegateway.com,F,9845020604
45,Mr,Scott,Brown,sbrown18@geocities.jp,U,9845001832
46,Ms,Norma,Cruz,ncruz19@si.edu,M,9845044772
47,Mr,Marie,Peters,mpeters1a@mlb.com,F,9845090727
48,Ms,Lillian,Carr,lcarr1b@typepad.com,U,9845030090
49,Mr,Judy,Nichols,jnichols1c@t-online.de,M,9845067156
50,Ms,Billy,Long,blong1d@yahoo.com,F,9845011113
51,Mr,Howard,Reid,hreid1e@exblog.jp,U,9845050966
52,Ms,Laura,Ferguson,lferguson1f@tuttocitta.it,M,9845029727
53,Mr,Anne,Bailey,abailey1g@geocities.com,F,9845095346
54,Ms,Rose,Morgan,rmorgan1h@ehow.com,U,9845016385
55,Mr,Nicholas,Reyes,nreyes1i@google.ru,M,9845050320
56,Ms,Joshua,Kennedy,jkennedy1j@house.gov,F,9845018775
57,Mr,Paul,Watkins,pwatkins1k@upenn.edu,U,9845091981
58,Ms,Kathryn,Kelly,kkelly1l@businessweek.com,M,9845044464
59,Mr,Adam,Armstrong,aarmstrong1m@techcrunch.com,F,9845001340
60,Ms,Norma,Wallace,nwallace1n@phoca.cz,U,9845088842
61,Mr,Timothy,Reyes,treyes1o@google.cn,M,9845001643
62,Ms,Elizabeth,Patterson,epatterson1p@sun.com,F,9845025359
63,Mr,Edward,Gomez,egomez1q@google.fr,U,9845011649
64,Ms,David,Cox,dcox1r@friendfeed.com,M,9845073394
65,Mr,Brenda,Wood,bwood1s@over-blog.com,F,9845027060
66,Ms,Adam,Walker,awalker1t@blogs.com,U,9845044615
67,Mr,Michael,Hart,mhart1u@wix.com,M,9845081047
68,Ms,Jesse,Ellis,jellis1v@google.co.uk,F,9845023783
69,Mr,Janet,Powell,jpowell1w@un.org,U,9845055593
70,Ms,Helen,Ford,hford1x@creativecommons.org,M,9845019796
71,Mr,Gerald,Carpenter,gcarpenter1y@about.me,F,9845061789
72,Ms,Kathryn,Oliver,koliver1z@army.mil,U,9845040302
73,Mr,Alan,Berry,aberry20@gov.uk,M,9845092929
74,Ms,Harry,Andrews,handrews21@ameblo.jp,F,9845094318
75,Mr,Andrea,Hall,ahall22@hp.com,U,9845088393
76,Ms,Barbara,Wells,bwells23@behance.net,M,9845015477
77,Mr,Anne,Wells,awells24@apache.org,F,9845058256
78,Ms,Harry,Harper,hharper25@rediff.com,U,9845060369
79,Mr,Jack,Ray,jray26@wufoo.com,M,9845083061
80,Ms,Phillip,Hamilton,phamilton27@joomla.org,F,9845065970
81,Mr,Shirley,Hunter,shunter28@newsvine.com,U,9845065183
82,Ms,Arthur,Daniels,adaniels29@reuters.com,M,9845024649
83,Mr,Virginia,Rodriguez,vrodriguez2a@walmart.com,F,9845008105
84,Ms,Christina,Ryan,cryan2b@hibu.com,U,9845039386
85,Mr,Theresa,Mendoza,tmendoza2c@vinaora.com,M,9845098361
86,Ms,Jason,Cole,jcole2d@ycombinator.com,F,9845073385
87,Mr,Phillip,Bryant,pbryant2e@rediff.com,U,9845067735
88,Ms,Adam,Torres,atorres2f@sun.com,M,9845082732
89,Mr,Margaret,Johnston,mjohnston2g@ucsd.edu,F,9845096970
90,Ms,Paul,Payne,ppayne2h@hhs.gov,U,9845076344
91,Mr,Todd,Willis,twillis2i@businessweek.com,M,9845058161
92,Ms,Willie,Oliver,woliver2j@noaa.gov,F,9845050395
93,Mr,Frances,Robertson,frobertson2k@go.com,U,9845073190
94,Ms,Gregory,Hawkins,ghawkins2l@joomla.org,M,9845093525
95,Mr,Lisa,Perkins,lperkins2m@si.edu,F,9845027148
96,Ms,Jacqueline,Anderson,janderson2n@cargocollective.com,U,9845011268
97,Mr,Shirley,Diaz,sdiaz2o@ucla.edu,M,9845026245
98,Ms,Nicole,Meyer,nmeyer2p@flickr.com,F,9845012719
99,Mr,Mary,Gray,mgray2q@constantcontact.com,U,9845032003
100,Ms,Jean,Mcdonald,jmcdonald2r@baidu.com,U,9845086968